Organization,Followed On
Anthropic,Thu Mar 13 15:27:44 UTC 2025
OpenAI,Tue Dec 31 19:10:51 UTC 2024
Project Documentation,Wed Aug 28 19:59:24 UTC 2024
Cummins Inc.,Fri May 24 14:44:47 UTC 2024
FMX,Wed May 08 13:09:05 UTC 2024
California ISO,Mon May 06 22:09:24 UTC 2024
Kinetic,Sun Apr 28 13:35:56 UTC 2024
Gray Matter Analytics,Sun Apr 28 13:31:31 UTC 2024
Refonte Infini - Infiniment Grand,Fri Mar 29 20:45:46 UTC 2024
Graditude,Thu Mar 28 17:31:26 UTC 2024
Akkodis,Thu Mar 28 17:28:26 UTC 2024
Oesonâ„¢,Thu Mar 28 17:25:13 UTC 2024
Ubique Group,Thu Mar 28 17:24:44 UTC 2024
Genesis Tech Engineers,Mon Mar 04 14:45:20 UTC 2024
Cloudforce,Thu Feb 29 22:56:20 UTC 2024
Authright Inc,Thu Feb 29 22:53:40 UTC 2024
Qualitest,Thu Feb 29 14:21:48 UTC 2024
SpanIdea Systems,Wed Jan 24 19:45:59 UTC 2024
AISSMS Polytechnic,Sat Aug 26 21:22:00 UTC 2023
Virginia Tech Innovation Campus,Sat Aug 19 03:54:37 UTC 2023
LimeChat,Sat Jun 10 04:31:57 UTC 2023
Virginia Tech Department of Computer Science,Thu Mar 16 15:13:42 UTC 2023
Virginia Tech,Thu Mar 16 15:08:41 UTC 2023
Virginia Tech College of Engineering,Thu Mar 16 15:08:39 UTC 2023
Savitribai Phule Pune University,Sun Feb 19 08:19:56 UTC 2023
"RMD Sinhgad School of Engineering, Warje, Pune 411 058",Mon Jul 26 11:45:53 UTC 2021
Sovereign Association,Wed Jun 30 13:59:04 UTC 2021
Aestrix,Sat May 22 05:34:04 UTC 2021
Shubu.ai,Tue Mar 16 08:43:24 UTC 2021
Atomic Loops,Mon Aug 31 12:15:40 UTC 2020
Google,Thu Feb 27 14:51:49 UTC 2020